text,label
"Le pouvoir dâ€™achat des franÃ§ais passe par une interdiction de cumul fonctionnaire - Ã©lu. Ceux qui vivent de lâ€™impÃ´t ne ferons jamais dâ€™Ã©conomies. Le pouvoir, les dÃ©cisions Ã©conomiques, doivent revenir Ã  ceux qui gÃ©nÃ¨rent les richesses et lâ€™impÃ´t. Un fonctionnaire doit dÃ©missionner pour Ãªtre candidat et en tout cas au moment de son Ã©lection. Nos Ã©lus font en permanence juge et partie.",1
"45% pour le pouvoir dâ€™achat. 9% pour la fiscalitÃ©. Jâ€™imagine que le pouvoir dâ€™achat, câ€™est comme lâ€™argent, Ã§a pousse sur les arbres.",1
"Pour augmenter le pouvoir dâ€™achat il faut rÃ©duire les charges sur les salaires qui sont actuellement les plus Ã©levÃ©es au monde !
ceci aurait aussi pour consÃ©quence dâ€™augmenter lâ€™embauche et rÃ©duire le chÃ´mage. Avec comme double effet une assiette de salaires plus large, gÃ©nÃ©rant des cotisations qui mathÃ©matiquement compenseraient la baisse des taux des cotisations sociales ! A quand le grand pas ?",1
la France et les franÃ§ais vivent au-dessus de leurs moyens depuis trop longtemps et la covid a enfoncÃ© toutes les derniÃ¨res barriÃ¨res. ,1
"Pour amÃ©liorer le pouvoir d'achat des franÃ§ais, la premiÃ¨re des choses Ã  faire est de ne pas avoir Ã  la tÃªte du pays.",1
Il faut lire une politique de transfert des revenus privÃ©s vers les revenus publics... Et c'est du pÃ©nal.,1
A ce prix personne n'achÃ¨te comme Ã§a ne ce garde pas surement au bout de quelques jours poubelle,1
Baisse utopique elle est passÃ©e de 1.45â‚¬ Ã  2.04â‚¬ le litre !!! Nous allons courir faire le plein avant que les taxes n'augmentent Ã  nouveau.,1
Il a baissÃ© mais ils est pas au prix qu il Ã©tait y a 2 mois ils nous endorme en le mettant a 1 centimes de moins que 2 euros,1
"La seule augmentation du point a eu lieu en 2016 pour + 1. 2 %, ce qui reprÃ©sente 15 â‚¬ de plus par mois (!) pour un salaire de 2 000 â‚¬ et de 8 â‚¬ pour les rÃ©munÃ©rations proches du Smic.",1
Il faut ajouter Ã  cela l'avancement d'Ã©chelons automatique qui fait que les salaires augmentent rÃ©guliÃ¨rement et que le dÃ©ficit de l'Ã©tat s'accroÃ®t. Il faut donc tailler dans les effectifs.,1
"- retraite de base en 2006 nette pour 40 annÃ©es de cotisation au plafond : 1069â‚¬/mois
- retraite de base actuelle nette (avant prÃ©lÃ¨vement Ã  la source) : 1178â‚¬/mois.

Soit une augmentation de 0, 7%/an pendant 13 ans.",1
"Personne ne peut Ãªtre enchantÃ© en gagnant moins. Quand la bisounourserie se frotte Ã  la rÃ©alitÃ© de l'argent qui demande travail, efforts, pugnacitÃ©, libÃ©ration des forces vives crÃ©atrices de richesse et non nivellement par le bas, matraquage fiscal, stigmatisation de ceux qui rÃ©ussissent et assistanat Ã  tout crin d'une administration plÃ©thorique et autres intermittents trÃ¨s sympatiques mais Ã  charge de la sociÃ©tÃ©.",1
"Le pouvoir d'achat a baissÃ© pour la premiÃ¨re fois depuis prÃ¨s de 30 ans, Ã©crit l'auteur de l'article.",1
"Quand le prix de l'essence augmente, l'Etat touche davantage de taxes",1
Les taxes comptent pour 55-60 % des prix du carburant Ã  la pompe.,1
"De son cÃ´tÃ©, elle propose une ""baisse permanente de la TVA de 20 Ã  5,5 %"".",1
"il s'agit de mettre Ã  contribution les grands groupes pÃ©troliers, en plus d'un ""blocage des prix"" des produits de premiÃ¨re nÃ©cessitÃ©.",1
"Vous croyez qu'avec les taux de taxes d'habitation, fonciÃ¨re, des impÃ´ts sur le revenu, les franÃ§ais ont les moyens d'acheter Ã  des prix devenus ""hors sol"" ?",1
Et dire que le prix du mÃ©tre carrÃ© construit est de plus en plus cher avec les nouvelles rÃ©gles de construction ! ,1
pouvoir dâ€™achat est en train de devenir un sujet majeur des candidats.,1
" Il faut dire que lâ€™inflation se rÃ©veille, portÃ©e par les prix de lâ€™Ã©nergie et des produits frais, ",1
"AVEC UN POUVOIR D'ACHAT DE 20.662 EUROS PAR HABITANT, LA FRANCE SE CLASSE AU 15E RANG EUROPÃ‰EN",1
"Prompte Ã  promettre des augmentations de salaire, la gauche est concurrencÃ©e sur ce crÃ©neau par des voix de droite. Avec lâ€™argument quâ€™occuper un emploi doit toujours payer davantage que dâ€™Ãªtre au chÃ´mage. Â« Il faut que les salaires paient plus que lâ€™assistance et lâ€™Ã©conomie souterraine Â»",1
"Effectivement, on nous a augmentÃ© la CSG de 25% et on nous ""traite de riche avec un revenu de 1200 â‚¬ par mois ! Je paye toujours la taxe d'habitation. A part cela... Vivement mai prochain (cÃ©rÃ©monie de notre bon souvenir).",1
"Plus vous augmentez les salaires, bas ou pas, plus cela se rÃ©percute tÃ´t ou tard sur les prix des biens et services vendus et donc plus vous devez reaugmenter les salaires pour palier les nouvelles pertes de pouvoir d'achat successives des salariÃ©s.",1
" voir exploser la courbe des prix (inflation) sans aucune revalorisation. La bonne question, c'est que malheureusement, quelque soit les remontÃ©es des salaires, les salariÃ©s sont de plus en plus dÃ©classÃ©s pour l'achat de leur maison tant l'explosion des prix immobiliers mais aussi des impÃ´ts locaux les exlut dÃ©finitivement de toute espÃ©rance dans ce registre.",1
"merci la social dÃ©mocratie rouge verte qui par leurs dÃ©crets, leurs lois, leurs impÃ´ts, taxes punitives gÃ©nÃ¨rent des milliards de surcoÃ»ts sur les biens, les services et alimentent la spirale revalorisation des salaires - augmentation des prix.",1
Et le pouvoir d'achat des retraitÃ©s. Qui ne vous oublient pas. ,1
La campagne prÃ©sidentielle est idÃ©ale pour faire des promesses gratuites d'augmentation de salaire qui ne seront jamais honorÃ©es. Il s'agit juste de racoler tous les neuneus naifs.,1
"Augmentation du prix de l'Ã©lectricitÃ© de plus de 12 % en 1 an.
Augmentation du prix du gaz de plus de 20 % en 1 an.
Augmentation des loyers de plus de 5 % en 1 an.",1
"Avec 50 % des salariÃ©s franÃ§ais qui gagnent le smic ou moins, de quoi se plaignent les franÃ§ais. MÃªme pas 1500 â‚¬ / mois, et Ã§a voudrait encore plus.",1
"ue nous aimions ou non, partie de notre pouvoir d'achat est financÃ© par les emprunts de l'Ã©tat. Il alimentait la croissance de nos voisins puisque notre balance commerciale nÃ©gative prouve Ã  l'envie que nous n'avons plus la capacitÃ© de produire ce que nous consommons",1
Mon pouvoir d'achat a pris un coup. J'ai du m'acheter une ceinture rien que pour pouvoir me la serrer.,1
"Lâ€™inflation sera alimentÃ©e par les prix de lâ€™Ã©nergie et de lâ€™alimentation, dont le rythme de hausse devrait nettement augmenter dans les mois qui viennent.",1
"l'inflation va rester Ã©levÃ©e tout au long de l'annÃ©e 2022 Ã  cause notamment des consÃ©quences de la guerre en Ukraine, atteignant selon deux scÃ©narios distincts 3,7 % ou 4,4 %",1
"augmentation des prix de l'Ã©nergie et des matiÃ¨res premiÃ¨res, rÃ©duction de la consommation et de l'investissement, ainsi qu'une diminution de la demande adressÃ©e Ã  la France qui affectera le commerce extÃ©rieur, indique encore la Banque de France.",1
La situation que nous vivons Ã©tait d'ailleurs trÃ¨s largement imprÃ©visible et Ã  un niveau totalement inconnu de hausse des prix ; de plus Shenzhen se reconfine alors que sa production en conditionne beaucoup d'autres.,1
"Supprimer des taxes, câ€™est diminuer les moyens des aides sociales, cruciales pour le pouvoir dâ€™achat de ceux quâ€™on nomme Â« les plus dÃ©munis Â»
ou alors on finance le pouvoir dâ€™achat par lâ€™emprunt et Â« aprÃ¨s moi le dÃ©luge Â»
câ€™est lâ€™option choisie, et lÃ  ne parlez plus des Â« boomers Â», merci",1
 Le pouvoir d'achat ne peut augmenter que si on produit plus de richesses. elle ne peut pas le comprendre car dans sa vie elle n'a produit aucune richesse mais vÃ©cu de nos impÃ´ts.,1
"Les populistes lancent la charge sur le ""pouvoir d'achat"" mais comme ils sont inaptes Ã  produire des richesses ils n'ont rien Ã  distribuer donc leur discours fera qu'avec eux le pouvoir d'achat va baisser ! Seuls les faibles en neurones et en Ã©conomie peuvent Ã©couter un tel discours !",1
Comment compte elle financer tous ces rÃ©ductions de taxes et promesses Ã©lectorales ?,1
"Il est bien le fossoyeur de la prospÃ©ritÃ© des franÃ§ais.
Il est le chef dâ€™orchestre de la baisse du pouvoir dâ€™achat des franÃ§ais qui oscillera sur les 12 prochains mois entre 2000 et 3000 â‚¬.",1
"il rend 90 % des franÃ§ais plus pauvres, et seuls ses amis les riches ne souffrent pas dâ€™une baisse de leur pouvoir dâ€™achat.",1
"elle propose depuis l'automne une baisse de la TVA sur le gaz, l'Ã©lectricitÃ© et les carburants. Face Ã  la nouvelle flambÃ©e des prix, elle a demandÃ© une annulation des hausses de la taxe TICPE dÃ©cidÃ©es entre 2015 et 2018, qu'elle entend compenser en ""taxant"" les pÃ©troliers",1
"Face Ã  la hausse des prix de l'Ã©nergie, elle a appelÃ© Ã  ""un vrai effort du gouvernement"".",1
il faut qu'une partie des taxes supplÃ©mentaires collectÃ©es par la hausse du prix de l'essence puissent Ãªtre rendues aux FranÃ§ais,1
les necessitÃ©es basiques sont devenus plus chÃ¨re,1
"Et les rÃ©formes structurelles, vivons donc Ã  crÃ©dit avec de l'argent magique.",1
aucun plan pur augmenter le pouvoir d'achat,1
lâ€™immigration coÃ»te plus Ã  la France quâ€™elle ne lui rapporte tandis que 7 sur 10 estiment que le pays nâ€™a plus les moyens dâ€™accueillir des immigrÃ©s.,2
"le lien prÃ©tendu entre lâ€™insÃ©curitÃ© et lâ€™immigration, agitÃ© par le parti depuis les annÃ©es 1980, fait lâ€™objet dâ€™une adhÃ©sion majoritaire.",2
les enjeux prioritaires concernent la lutte contre lâ€™immigration clandestine (53%) et le coÃ»t de lâ€™immigration (52%),2
lâ€™immigration a un impact nÃ©gatif dâ€™une maniÃ¨re gÃ©nÃ©rale,2
un scepticisme grandissant des FranÃ§ais vis-Ã -vis de lâ€™immigration et leur volontÃ© de modifier les rÃ¨gles qui lâ€™encadrent,2
Trop d'Ã©trangers en France,2
l'immense majoritÃ© des immigrÃ©s qui se sont installÃ©s en France ces trente derniÃ¨res annÃ©es est bien intÃ©grÃ©e,2
"pour rÃ©duire le nombre de chÃ´meurs, il faut rÃ©duire le nombre d'immigrÃ©s",2
la France se doit de rester fidÃ¨le Ã  sa tradition dâ€™accueil et de protection des personnes persÃ©cutÃ©es lui demandant asile,2
Consciente que lâ€™immigration clandestine est un phÃ©nomÃ¨ne quâ€™il est nÃ©cessaire de maÃ®triser,2
La politique dâ€™intÃ©gration doit Ãªtre poursuivie et dotÃ©e des moyens nÃ©cessaires Ã  son succÃ¨s.,2
"Tout amalgame entre demandeurs dâ€™asile et immigrÃ©s clandestins, entre immigrÃ©s et terroristes, entre Ã©trangers en situation rÃ©guliÃ¨re et Ã©trangers qui ne le sont pas, doit Ãªtre proscrit afin de ne pas alimenter les prÃ©jugÃ©s racistes et xÃ©nophobes Ã  leur encontr",2
Certains FranÃ§ais peuvent penser que les immigrÃ©s sont Â« plutÃ´t Â» trop nombreux dans certains quartiers sans Ãªtre opposÃ©s Ã  leur prÃ©sence,2
certains attribuent Ã  la prÃ©sence des immigrÃ©s,2
De moins en moins de FranÃ§ais pensent quâ€™il y a trop dâ€™immigrÃ©s,2
une montÃ©e de la part de la population hostile Ã  la prÃ©sence dâ€™immigrÃ©s au dÃ©but des annÃ©es 2010 suivie dâ€™une diminution dans les annÃ©es rÃ©centes,2
Les crises migratoires autour de la MÃ©diterranÃ©e semblent davantage provoquer de la compassion que de tensions dans lâ€™opinion.,2
les FranÃ§ais sont beaucoup plus tolÃ©rants vis-Ã -vis des personnes dâ€™origine Ã©trangÃ¨re,2
lâ€™immigration est une source dâ€™enrichissement culturel,2
"Face Ã  des difficultÃ©s sociales, les immigrÃ©s jouent le rÃ´le de boucs Ã©missaires",2
"le dÃ©bat sur lâ€™immigration sâ€™Ã©teint et lâ€™insÃ©curitÃ© prend le relais, comme cela a Ã©tÃ© le cas au dÃ©but des annÃ©es 2000.",2
"L'Ã©tranger qui souhaite venir en France doit y Ãªtre autorisÃ©, devant remplir pour cela certaines conditions.",2
"lâ€™immigration est prÃ©sentÃ©e par les Ã©lites comme devant Ã©chapper Ã  lâ€™emprise du politique et des Etats, au nom dâ€™un principe non dit mais trÃ¨s puissant : celui de lâ€™universalisme radical ",2
il y a quelque chose dâ€™angoissant dans la perspective oÃ¹ est placÃ©e idÃ©ologiquement la question de lâ€™immigration dans nos sociÃ©tÃ©s,2
"lâ€™immigration constitue lâ€™un des principaux sujets de prÃ©occupation des FranÃ§ais, celle-ci Ã©tant vue nÃ©gativement par une large majoritÃ© dâ€™entre eux",2
Lâ€™immigration est aujourdâ€™hui un sujet majeur ainsi quâ€™une des principales prÃ©occupations tant des FranÃ§ais que des EuropÃ©ens,2
lâ€™immigration et lâ€™asile sont des sujets majeurs,2
lâ€™immigration est un problÃ¨me et ont un regard nÃ©gatif sur lâ€™islam qui soulÃ¨ve selon eux des problÃ¨mes spÃ©cifiques,2
51% des FranÃ§ais considÃ¨rent que lâ€™immigration est un problÃ¨me alors que 16% seulement la voient comme une chance,2
Notre pays compte dÃ©jÃ  beaucoup dâ€™Ã©trangers et accueillir des Ã©trangers supplÃ©mentaires nâ€™est pas souhaitable,2
Les FranÃ§ais associent ainsi frÃ©quemment lâ€™immigration Ã  des images nÃ©gatives,2
"Lâ€™opinion nÃ©gative quâ€™ont sur lâ€™immigration une large partie des FranÃ§ais sâ€™explique non seulement par lâ€™impact que ceux-ci considÃ¨rent quâ€™elle a sur leur mode de vie, la laÃ¯citÃ©, la sÃ©curitÃ© ou la protection des minoritÃ©s mais Ã©galement de son impact sur lâ€™Ã©conomie et les finances publiques",2
il est plus facile dâ€™intÃ©grer des immigrÃ©s dâ€™Europe du Sud,2
des immigrÃ©s constituerait une menace pour les franÃ§ais,2
nous ne pouvons pas accueillir plus de migrants car nos valeurs sont trop diffÃ©rentes et cela pose des problÃ¨mes de cohabitation ,2
une hausse de lâ€™immigration aurait un impact sÃ©curitaire et augmenterait le risque terroriste dans notre pays,2
"lâ€™immigration aujourdâ€™hui en France, câ€™est avant tout un coÃ»t Ã©conomique",2
"les FranÃ§ais sont majoritairement favorables Ã  une rÃ©duction de lâ€™immigration ainsi quâ€™Ã  des mesures plus strictes, quâ€™elles concernent les flux dâ€™immigration rÃ©guliÃ¨re et irrÃ©guliÃ¨re ou lâ€™acquisition de la nationalitÃ© franÃ§aise",2
"une majoritÃ© voire une large majoritÃ© de FranÃ§ais est favorable Ã  la diminution du nombre de titres de sÃ©jours, quâ€™ils concernent lâ€™immigration Ã©conomique ou le regroupement familial",2
Les FranÃ§ais seraient Ã©galement favorables Ã  la rÃ©vision des rÃ¨gles en matiÃ¨re dâ€™acquisition de la nationalitÃ© franÃ§aise.,2
"Lâ€™opinion publique sur la migration peut influencer les politiques migratoires, bien que la population nâ€™ait pas toujours une idÃ©e prÃ©cise du nombre et du type de migrants rÃ©sidant dans le pays.",2
La faÃ§on dont la migration est perÃ§ue peut avoir une influence sur le degrÃ© dâ€™intÃ©gration des migrants Ã  leur communautÃ© dâ€™accueil,2
La population de mon pays a une vision des immigrÃ©s ou dâ€™autres groupes diffÃ©rents dâ€™elle plus nÃ©gative que celle dâ€™il-y-a quelques annÃ©es,2
"Ã€ une Ã©poque oÃ¹ les leaders politiques vantent les mÃ©rites des obstacles Ã  la mobilitÃ© humaine et oÃ¹ la migration est uniquement considÃ©rÃ©e comme un problÃ¨me,",2
il est possible de rÃ©duire lâ€™Ã©cart technologique entre le pays dâ€™origine et le pays de destination grÃ¢ce Ã  la diffusion de connaissances rÃ©sultant de la migration de retour,2
les politiques dâ€™immigration restrictives empÃªchent les migrants de tirer tous les bÃ©nÃ©fices possibles de leur migration,2
La plus Ã©vidente de ces externalitÃ©s est probablement la perte significative de vies humaines lors du franchissement des frontiÃ¨res ,2
Le dÃ©veloppement du capital humain est une autre externalitÃ© potentielle de la migration,2
il est important de garder Ã  lâ€™esprit que les effets positifs de la migration vont bien au-delÃ  des envois de fonds,2
les politiques dâ€™immigration restrictives risquent Ã©galement de rÃ©duire les externalitÃ©s positives pour le pays de destination.,2
la sÃ©curitÃ© du droit et la stabilitÃ© juridique souffrent de la multiplication excessive de mesures lÃ©gislatives,3
Les actes terroristes menÃ©s par des fanatiques musulmans donnent du grain Ã  moudre aux discours xÃ©nophobes.,3
"le dÃ©bat sur lâ€™immigration sâ€™Ã©teint et lâ€™insÃ©curitÃ© prend le relais, comme cela a Ã©tÃ© le cas au dÃ©but des annÃ©es 2000.",3
des FranÃ§ais considÃ¨rent quâ€™on est plus chez soi comme avant ,3
Les autoritÃ©s publiques franÃ§aises ont fait de la sÃ©curitÃ© une prioritÃ© sur le territoire national.,3
Le sentiment dâ€™insÃ©curitÃ© reste Ã©levÃ© en France quâ€™il soit basÃ© sur des faits de dÃ©linquance rÃ©els ,3
un sondÃ© sur deux trouvait que la situation en matiÃ¨re de sÃ©curitÃ© sâ€™Ã©tait dÃ©gradÃ©e.,3
"Beaucoup Ã©voquaient aussi la question des transports en commun dans lesquels ils ne se sentent pas protÃ©gÃ©s, en particulier la nuit",3
Les attentats terroristes de ces derniÃ¨res annÃ©es ont certainement contribuÃ© Ã  renforcer ce sentiment global dâ€™insÃ©curitÃ©.,3
De nombreuses femmes craignent Ã©galement dâ€™Ãªtre harcelÃ©es ou agressÃ©es dans la rue.,3
il souhaite des mesures choc pour mettre fin aux problÃ¨mes de sÃ©curitÃ© dans le pays.,3
il prÃ©voit dâ€™abaisser la majoritÃ© pÃ©nale Ã  16 ans,3
"il propose ""des peines planchers de prison ferme pour toute agression"" de policier, gendarme ou pompier.",3
la sÃ©curitÃ© est essentielle,3
"accorder davantage de moyens aux armÃ©es pour ""mieux prendre en compte"" les nouvelles menaces, notamment en matiÃ¨re spatiale et de cybersÃ©curitÃ©.",3
"Elle prÃ©conise Ã©galement plus de moyens humains et techniques aux services de renseignement, notamment pour lutter contre le terrorisme.",3
faire de la lutte contre les violences faites aux femmes une prioritÃ© entend,3
"recruter davantage de policiers et gendarmes pour amÃ©liorer le lien avec les habitants et renforcer leur formation en matiÃ¨re de lutte contre le racisme, l'homophobie, le harcÃ¨lement de rue.",3
elle prÃ©voit de renforcer les services de rÃ©insertion des prisonniers. ,3
faire de la sÃ©curitÃ© partout et pour tous une prioritÃ© du quinquennat.,3
"Dans le dÃ©tail, elle prÃ©voit dâ€™allouer un budget de 1,5 milliard par an de plus pour la sÃ©curitÃ© et la justice.",3
"interdire les rÃ©ductions et amÃ©nagements de peine, en particulier pour les violences contre les personnes et dâ€™Ã©tablir une perpÃ©tuitÃ© rÃ©elle.",3
Elle a dâ€™ailleurs pour objectif dâ€™atteindre 85 000 places de prison en 2027.,3
Elle envisage enfin dâ€™inscrire au fichier des dÃ©linquants sexuels les harceleurs de rue.,3
"quatre piliers actionnÃ©s simultanÃ©ment : mettre en place une police de sÃ©curitÃ© quotidienne, renforcer nos forces de police, lutter contre les pratiques abusives en matiÃ¨re de contrÃ´le dâ€™identitÃ© et amÃ©liorer notre renseignement pour mieux lutter contre le terrorisme",3
doubler les policiers sur le terrain dâ€™ici Ã  2030,3
force dâ€™action rÃ©publicaine pour les quartiers,3
le prÃ©sident-candidat veut frapper fort contre les cyberattaques.,3
Il a proposÃ© un plan d'un milliard d'euros comprenant la crÃ©ation de 1 500 postes de cyber-patrouilleurs supplÃ©mentaires et dâ€™une Ã©cole de formation pour lutter contre les attaques numÃ©riques. ,3
"Il prÃ©voit aussi de se doter dâ€™une nouvelle loi de programmation militaire ""pour restaurer notre indÃ©pendance et sâ€™adapter au changement climatique.",3
"elle ""veut ressortir le Karcher de la cave"" pour nettoyer les quartiers, traquer, harceler les caÃ¯ds, les dÃ©linquants et les dealers",3
"Dans la lutte contre le terrorisme, elle veut rendre dÃ©lictuel le fait de consulter un ""site terroriste"" et fermer les mosquÃ©es qui propagerait un discours ""hostile Ã  la France"".",3
"Sâ€™il est Ã©lu, lâ€™ancien chroniqueur de CNews promet de construire 10 000 places de prison et expulser 10 000 Ã©trangers incarcÃ©rÃ©s vers leur pays dâ€™origine.",3
"Dans son volet consacrÃ© Ã  la lutte contre la dÃ©linquance, il prÃ©voit en outre de supprimer les aides sociales aux dÃ©linquants et Ã  leur famille.",3
"Dans la mÃªme idÃ©e, il veut aussi expulser automatiquement les trafiquants et leur famille des logements sociaux.",3
crÃ©er une police anti-drogue,3
"DÃ©terminÃ© Ã  aider les forces de lâ€™ordre dans leur travail, il veut permettre aux agents et aux citoyens de se dÃ©fendre en inscrivant dans la loi la notion de ""dÃ©fense excusable"".",3
"il souhaite mettre en place des peines planchers, rÃ©tablir la perpÃ©tuitÃ© et punir toutes les agressions physiques, mÃªme bÃ©nignes.",3
Il envisage aussi dâ€™interdire ou du moins rÃ©duire l'incarcÃ©ration des adolescents.,3
Il prÃ©voit de revaloriser les conditions des militaires et ouvrir un grand dÃ©bat sur le service national.  ,3
"Le candidat des ""Jours heureux"" entend Ã©galement fermer les bases militaires Ã  lâ€™Ã©tranger et stopper les opÃ©rations militaires extÃ©rieures.",3
"il a pour objectif de rÃ©nover les prisons, dâ€™appliquer le principe des cellules individuelles et de rÃ©guler la population carcÃ©rale.  ",3
"Il entend dans le mÃªme temps interdire certaines armes comme les tasers, les grenades de dÃ©sencerclement, les Flash-Ball et les LBD 40, ainsi que la technique de la ""nasse"".",3
"Le candidat de gauche radicale souhaite aussi augmenter les effectifs de police, en doublant le nombre de policiers scientifiques et dâ€™agents affectÃ©s Ã  la lutte contre la dÃ©linquance financiÃ¨re et Ã©conomique.",3
La crise dâ€™efficacitÃ© de lâ€™Ã‰tat se rÃ©sume dans ce domaine au dÃ©clin de sa capacitÃ© Ã  punir.,3
Le sentiment dâ€™insÃ©curitÃ© des FranÃ§ais nâ€™est pas nouveau. Il est systÃ©matiquement majoritaire depuis la premiÃ¨re Ã©dition du baromÃ¨tre en 2016.,3
des FranÃ§ais font confiance au gouvernement pour les protÃ©ger du terrorisme,3
les FranÃ§ais attendent aussi que lâ€™on parle davantage de sÃ©curitÃ© dans le dÃ©bat public.,3
deux Ã©lus soutenaient lâ€™idÃ©e dâ€™une plus forte coopÃ©ration entre les forces de sÃ©curitÃ© de lâ€™Etat et les acteurs de la sÃ©curitÃ© privÃ©e.,3
"la confiance dans le gouvernement face aux risques du quotidien (dÃ©linquance, cambriolage, agression) progresse de 6 points depuis janvier dernier.",3
Vous nous faites vraiment chier avec cette grippe !!!!! Et vous les journalistes lÃ¢chez l affaire !!!!!!,4
Corona de voilÃ  quoi.laiser nous vivre correctement ok on a tout compris.,4
La pÃ©dagogie des spÃ©cialistes revient pour les traitements d'acupuncture aux doses anti COVID avec les doses Pfizer. merci aux mÃ©dias et docteurs de plateaux tÃ©lÃ©,4
Full vaccin et j'ai 2 fois de covid alors franchement le vaccin la bonne blague je ny crois plus,4
Tiens mais oÃ¹ est donc passÃ© cette immunitÃ© collective ? ,4
Les vax surtout crÃ©ent ces dommages irrÃ©versibles,4
PlutÃ´t du vaccin oui! Deux doses et jâ€™ai mal Ã  la poitrine gauche + le cÅ“ur qui bat beaucoup plus vite quâ€™avant au repos. Quel regretâ€¦,4
"Le Covid provoque problÃ¨me Cardiaque, respiratoire, diabÃ¨te",4
Les autres pays europÃ©ens ont Ã©galement eu Ã  affronter le Covid,4
"Gestion des masques, hÃ´pitaux dÃ©bordÃ©s, manque de respiratoire, etc. â€¦140000morts en France ce nâ€™est pas une rÃ©ussite. 3000milliards dâ€™â‚¬ de dette non plus. Et je ne parle pas du pass vaccinal et le fait quâ€™il a emmerdÃ© les franÃ§ais.",4
Vous remarquerez que sur la crise du Covid jâ€™ai toujours Ã©crit que je ne vois pas qui aurait pu faire autrement que lui et mÃªme certains auraient peut Ãªtre fait plus mal.,4
"Sur le plan sanitaire, c'est facile, vous parlez Ã  postÃ©riori. Remettez vous dans le contexte, l'inconnu... Un minimum d'honnÃªtetÃ© intellectuelle serait apprÃ©ciable.",4
Les hommes meurent de tout plus que les femmes. ,4
"Comme si le masque protÃ©geait des commorbiditÃ©s

Tout ceux qui ont peur de la mort me font rire ! Ou presque. On ne nous donne plus le nombre de morts DU Covid, normal nos braves administrations donnaient les Â« morts Covid Â» ! Mais pas du...
Quand on ne sait pas oÃ¹ lâ€™on va avec lâ€™Ã¢ge, le mieux est de garder sa peur pour soi. Jâ€™assume !",4
"nombre moyen de cas positifs au Covid-19 continue d'augmenter tandis que les hospitalisations ne baissent plus, selon les chiffres publiÃ©s mardi par les autoritÃ©s sanitaires.",4
"l'Organisation mondiale de la santÃ© (OMS) a estimÃ© que plusieurs pays europÃ©ens, dont l'Allemagne, la France, l'Italie et le Royaume-Uni, avaient levÃ© trop ""brutalement"" leurs mesures anti-Covid et se retrouvaient confrontÃ©s Ã  une nette remontÃ©e des cas sous l'effet du sous-variant BA.2.",4
"Au Total, il a versÃ© 200 millions d'argent public Ã  Sanofi pour son vaccin, attribuÃ© 300 millions de l'Europe Ã  Sanofi pour son vaccin, prÃ©-commandÃ© 20 millions de doses Ã  Sanofi.
A l'avance.
Sans contreparties.
Vaccins produits : 0
Dividendes de Sanofi : +4%",4
"""Ce qui me choque, c'est de voir des candidats Ã  l'Ã©lection courir aprÃ¨s les antivax (...) Ã‰coutons les scientifiques, heureusement que nous avons un vaccin""
",4
"Vaccin: Substance pathogÃ¨ne qui, inoculÃ©e Ã  un individu, lui confÃ¨re l'immunitÃ© contre une maladie.",4
"trÃ¨s bien d'Ã©couter les scientifiques.
Merci de passer le mots chez EELV, beaucoup ne sont pas de cet avis chez vous, et sur les vaccins, et sur le nuclÃ©aire, et sur les OGM, et sur les pesticides, et sur pleins d'autres trucs.",4
analyser les chiffres du covid et en tirer des conclusions plutot que faire une confiance aveugle et confier votre vie et votre sante a des gens en desaccord ou avec des objectifs politiques.,4
"Je crois qu'ils savent que ca ne passera pas. C'est un coup de poker pour faire vacciner les resistants. Ensuite, il vont faire marche arriÃ¨re pour faire un geste fort avant les Ã©lections...
C'est purement politique. A mon avis.",4
"il ne voit pas ""l'intÃ©rÃªt d'une vaccination obligatoire"" contre le covid sur France Inter. Au mÃªme moment, le CHU de Nice annonce que les personnes non-vaccinÃ©es reprÃ©sentent 9 patients sur 10 Ã  l'hÃ´pital",4
"""#PassVaccinal non exigÃ©"" ou l'art de s'arranger avec la vÃ©ritÃ© : ce machin Ã©tait inutile !",4
"Câ€™est plus une #histoire de #vaccin aujourdâ€™hui, câ€™est une rÃ©bellion contre cette pseudo autoritÃ© ! Ma #libertÃ© câ€™est celle de faire le choix que mÃªme soignÃ© jâ€™en veux pas ta vie avec ton #PassVaccinal chinois ",4
"A l'ombre de la 4Ã¨me dose et du #PassVaccinal (dÃ¨s 12 ans) le doute s'installe autour de la #Vaccination chez les franÃ§ais qui ont cru lÃ©gitimement Ã  la promesse du #Vaccin qui Ã©viterait la transmission, ils se sentent abusÃ©s, devinent l'hypocrisie...",4
"Pour moi ils ont aidÃ© Ã  la validation du passe de la honte, vaccinal. Ils ont donnÃ© des arguments Ã  Macron! Ils ont acceptÃ© la sÃ©paration du peuple de France",4
" pour les non-citoyens rÃ©ticents Ã  l'injection forcÃ©e d'un pseudo-#Vaccin contre #COVID19, si peu dangereux pour la grande majoritÃ© des habitants ?",4
"Incapable depuis le dÃ©but de cette pandÃ©mie dâ€™avoir un rÃ´le moteur au niveau mondial, toujours Ã  la traÃ®ne des dÃ©cisions nationales, dans la critique, and les dÃ©clarations alarmistes qui nâ€™apportent rien.

",4
"bien moi je continue : FFP2, gestes barriÃ¨res etc. Car presque tout mon entourage sâ€™est fait contaminer ces derniers jours.",4
"Je n'ai JAMAIS mis le masque PARCE QUE c'Ã©tait obligatoire. Uniquement quand je sentais en avoir besoin (intÃ©rieur, rues piÃ©tonnes bondÃ©es, marchÃ©s).
Simple question de bon sens, qu'on soit en pÃ©riode Ã©lectorale ou non.",4
"Et bien justement, c'est Ã§a l'infantilisation : les croquemitaines
Distance + vaccination de masse qui n'a aucune efficacitÃ© sur les variants + toute la panoplie pour essayer de terroriser les populations, faute de gouverner. Deux ans que Ã§a dure ce cirque.",4
"Les franÃ§ais qui ne veulent pas quâ€™on les infantilise nâ€™ont quâ€™Ã  respecter les gestes barriÃ¨re. Vaccin + masque+ distance+ gel + aÃ©ration â€¦ Ã  moins quâ€™ils aient besoin de nouvelles instructions ? Jamais contents

",4
"Et bien justement, c'est Ã§a l'infantilisation : les croquemitaines
Distance + vaccination de masse qui n'a aucune efficacitÃ© sur les variants + toute la panoplie pour essayer de terroriser les populations, faute de gouverner. Deux ans que Ã§a dure ce cirque.",4
J'ai en effet constater que nombre de pays europÃ©ens ont levÃ© les contraintes ce qui fait que le virus repart Ã  la hausse. ,4
"Plus personne ne porte le masque nulle part â€¦il y a Ã  peine 2 mois le grand cirque pour mettre en place un pass vaccinal, et puis soudain on revient du jour au lendemain comme en Septembre 2017 !",4
"Que ne fait-elle pas, plutÃ´t, preuve de rÃ©alisme, en actant que la covid-19 est devenue ""banale"", et que si des restrictions doivent Ãªtre conservÃ©es, c'est au niveau individuel et non pas au niveau Ã©tatique ?",4
"gouvernement a pris ""la bonne dÃ©cision"" de lever les restrictions liÃ©es au Covid-19 en France, malgrÃ© un rebond des contaminations, ",4
"Qui ne veulent pas appliquer les rÃ¨gles sauf sous la contrainte...
Il y a un rebond de l'Ã©pidÃ©mie ce qui est logique, mais cela permettra d'atteindre peut-Ãªtre l'immunitÃ© collective (dixit les experts... !)",4
"Nous allons remettre les masques un peu avant le premier tour pour que l'on votre en grand nombre pour ce bon prÃ©sident chef de guerre qui prend soin de nous en dÃ©pit de ses nombreuses responsabilitÃ©s !
",4
Pour ma part je continu Ã  mettre le masque dans les lieux clos. Inutile de faire le malin et de se retrouver Ã  l'hÃ´pital oÃ¹ des gens continuent de souffrir. Et puis la grippe redÃ©marre aussi. Et puis je ne suis pas seul et ne dois pas exposer les autres.,4
"En fait tout le monde sâ€™en fiche de cette gripette !
Mais avec lâ€™obligation vaccinale Ã  la noix tout le monde espÃ¨re lâ€™attraper pour ne plus avoir Ã  se faire piquer...",4
"Il n'hÃ©site pas Ã  mentir pour des raisons bassement Ã©lectorales, ce qui vient bousculer le serment d'HYPOCRATE. Je suis sÃ»r que le 7 avril le taux de contamination sera au plus bas. En fait Macron, c'est plus que Jupiter c'est carrÃ©ment Dieu (surnom jadis donnÃ© Ã  MITERRAND).",4
"Veran utilise le terme vaguelette pour minimiser la remontÃ©e des contaminations
il devra assurer la levÃ©e du masque trÃ¨s opportune pour les Ã©lections et de voir que cette vaguelette est un signe prÃ©curseur de la grande vague qui va nous attendre pour les Ã©lections
Il faut voir ce qui se passe actuellement en Chine
ce nâ€™est pas une vaguelette quand on confine avec des barbelÃ©s !",4
"Pas vaccinÃ© et jamais testÃ© toujours en vie et en bonne santÃ©! Gardez vos vaccins pass et autres bÃªtises! Je vivrai sans mes enfants egalement et bon courage Ã  ceux qui tenteront de m'imposer une vie que je n'ai pas dÃ©cidÃ© et surtout sans aucun fondement scientifique! Aucun! Sans oublier les effets secondaires...bon courage Ã  tous et surtout aux vaccinolatres! Quand Ã§a va tomber comme des mouches, les non vaccinÃ©s ne seront plus seulement des purs sangs mais des survivants et des indÃ©pendants!",4
"Sa rÃ©alitÃ©, qui est loin d Ãªtre celle de la mÃ©decine. Moi je prÃ©fÃ¨re celle des scientifiques.",4
"Vous Ãªtes encore dans la simulation covid19 inventÃ© par les mÃ©dias de masse.
",4
Les mÃ©decins qui constatent ces effets secondaires ne veulent pas se mÃªler peut-Ãªtre par peur ou par conflit dâ€™enteret,4
"une amie victime d'importants effets secondaires suite Ã  la 2Ã¨ dose a subi toute une batterie d'examens, pour en arriver Ã  ce que la sÃ©cu lui interdise la 3Ã¨ injection .",4
"Les gens ayant des effets secondaires devraient tous se rÃ©unir pour porter plainte en groupe.....
Surtout que Ã§a empÃªche pas les contaminations. Nul ce vaccin .",4
"PassSanitarisÃ©s, il va bientÃ´t falloir penser Ã  recharger votre Pass. Une 3Ã¨ petite dose dans le bras pour racheter quelques crÃ©dits de libertÃ© ! Si ce monde vous convient, la 4Ã¨ dose vous attend dÃ©jÃ  ! â€¦Sinon, Ã  chacun de se battre !",4
le rÃ©chauffement climatique et la prÃ©servation de la nature sont des enjeux cruciaux pour les FranÃ§ais,5
"MobilitÃ© moins polluante, dÃ©carbonation des secteurs industriels, transition agroÃ©cologique, meilleure gestion de la rÃ©novation Ã©nergÃ©tique des logements, bascule vers le 100 % Ã©nergies renouvelables, instauration dâ€™une fiscalitÃ© environnementale",5
il propose lâ€™adoption dâ€™un TraitÃ© de non-prolifÃ©ration des Ã©nergies fossiles et une rÃ¨gle dâ€™or climatique aux dÃ©penses publiques,5
une feuille de route 100% Ã©nergies renouvelables dâ€™ici Ã  2050,5
une limitation du trafic aÃ©rien avec la mise en place dâ€™une taxe empreinte carbone sur les vols disposant dâ€™une alternative ferroviaire comparable mais pas de proposition pour supprimer ces mÃªmes vols.,5
 des propositions pertinente contre la prÃ©caritÃ© alimentaire et le renforcement de lâ€™accÃ¨s Ã  une alimentation saine et durable,5
" baisser les Ã©missions de gaz Ã  effet de serre des transports, mais propose dâ€™augmenter les limitations de vitesse, ce qui serait nÃ©faste pour le climat",5
il prÃ©voit de multiplier par six les moyens consacrÃ©s Ã  l'isolation thermique par rapport Ã  2020,5
14 mesures destinÃ©es Ã  prÃ©server lâ€™environnement,5
"Lorsque l'on voit l'Allemagne avec ses centrales Ã  charbon qui polluent, soutenue par les Ã©colos et surtout l'Europe, on a plus aucune envie de soutenir la doctrine et la bÃªtise des Ã©colos. Les panneaux voltaÃ¯ques et les Ã©oliennes ne suffiront jamais pour fournir l'Ã©lectricitÃ© nÃ©cessaire, ne serait-ce que pour les voitures Ã©lectriques que les Ã©colos veulent nous faire acheter en prioritÃ©. Le monde devient FOU.",5
"L'enjeu d'une augmentation massive de la production Ã©lectrique est primordial, et nÃ©cessite le lancement d'un programme de construction de centrales nuclÃ©aires qui apportent une sÃ©curisation des approvisionnement en Ã©nergie dÃ©carbonÃ©e (contrairement aux centrales Ã  charbon ou au gaz), ce que ne permet pas l'intermittence de l'Ã©olien ou du photovoltaÃ¯que. ",5
"Pour finir, l'Ã©cologie c'est Ã  chacun d'entre nous chaque jour qu'il appartient de la mettre en oeuvre, en ne consommant que le nÃ©cessaire, en se dÃ©placant de maniÃ¨re raisonnÃ©e et en respectant des principes de base de non pollution (les dÃ©chets c'est dans la poubelle pas dans la nature, comme les cartouches et bouteilles vides des chasseurs par exp).",5
Les verts doivent Ãªtre lÃ  pour maintenir un Ã©quilibre Ã  droite comme Ã  gauche mais de lÃ  Ã  les mettre aux pouvoirs .... certaines dÃ©cisions risqueraient de ne pas Ãªtre Ã©colo du tout ! Regardez avec le projet tÃ©lÃ©phÃ©rique de Lyon câ€™est carrÃ©ment inappropriÃ© dÃ©pourvu de bon sens Ã©cologique !,5
"Seule l'ecologie reel compte au bout du compte.
Il n'a pratiquement rien fait, a part en parlotte.
Le nucleaire et l'industrie voila tout, cela me degoutes, vivement une vraie revolte d'ampleur dans ce pays, ou on sent bien que nous ne commandons plus rien au niveau citoyen dans notre vie locale.",5
"Pour limiter les Ã©missions de gaz Ã  effet de serre, la candidate mise tout sur le dÃ©veloppement des transports Ã©lectriques",5
"la place de lâ€™Ã©cologie et de la protection de lâ€™environnement ne prend que 2,7% du dÃ©bat politique,",5
"Lâ€™Ã©vÃ¨nement sera prÃ©sentÃ© en direct sur la forme dâ€™un grand oral, oÃ¹ les candidats auront entre 25 et 30 minutes pour dÃ©rouler, en dÃ©tail, leur programme Ã©cologique",5
"La premiÃ¨re condamnation de lâ€™Ã‰tat pour inaction climatique a Ã©tÃ© prononcÃ© par le Conseil dâ€™Ã‰tat, plus haute juridiction administrative du pays",5
La transition Ã©cologique ne sera rÃ©ussie que si lâ€™on y intÃ¨gre le mÃ©thane. Le mÃ©thane câ€™est lâ€™avenir et en France on peut dÃ©velopper sans grands investissements,5
"Lâ€™Ã©cologie mÃ©rite mieux
Que ce radoteur inculte !",5
"Triplement de l'Ã©olien... Ces monstres d'acier, qui pourrissent nos paysages, sont tout juste bons Ã  alimenter des abris de jardin.",5
"Ce qui peut le rassurer est qu'il n'est pas le seul... Parmi les Ã©colotristes et mÃªme chez les autres candidats. Le problÃ¨me est la promotion de ces idÃ©es Ã©cologistes Ã  tous les niveaux. ONU, je ne porte pas aux nues.",5
"Pas scientifique, voilÃ  le problÃ¨me des Ã©cologistes, il raisonnent sur des thÃ©ories politiques sans connaitre les besoins et calculer leurs importance, ils prÃ©conisent des soit disant solutions sans en mesurer les impactes et mÃªme sans simplement en calculer la relative importance un exemple : selon eux le par Ã©olien en mer de St Brieuc produira autant qu'une unitÃ© PWR en faite ce n'est que la moitiÃ©, Mme Duflos dans sa loi ALUR n'a pas envisagÃ© que les 17 pages de son nouveau contrat de location n'a pas envisagÃ© que cela allait contribuÃ© a dÃ©truire des forets, pourtant que de reproches elle fait Ã  la publicitÃ© papier, etc.",5
"Au cas oÃ¹ vous ne sauriez pas, il existe des forÃªts communales et domaniales, et je ne vois pas pourquoi elles seraient rÃ©servÃ©es aux chasseurs. Leur partage devrait pouvoir s'organiser entre chasseurs et non chasseurs pour que ces derniers ne risquent pas leur vie. Un jour du WE sans chasse me semble Ãªtre la bonne solution.",5
"Les chasseurs font partie des gens que ne pensent qu'Ã  leur intÃ©rÃªt personnel. On a eu un candidat ""chasse, pÃªche, nature et traditions"" dans le passÃ©. ",5
" garantit la prÃ©servation de la biodiversitÃ©, lâ€™environnement et la diversiteÌ biologique, lutte contre le changement climatique et prend en compte la rareÌfaction des ressources naturelles ",5
L'art et la culture sont au cÅ“ur de mon programme Ã©cologiste. La RÃ©publique Ã©cologiste entend offrir aux artistes et aux professionnelâ€¢les de la culture des conditions de crÃ©ation et de production dignes et responsables.,5
Je protÃ¨gerai lâ€™environnement et la biodiversitÃ© exceptionnels des Outre-mer,5
"des eaux souterraines et des cours dâ€™eau sont polluÃ©s par les nitrates
Pour ReconnaÃ®tre le droit Ã  lâ€™eau, Ã  lâ€™assainissement de qualitÃ© et Ã  lâ€™hygiÃ¨ne pour toutes et tous, le 10 et 24 avril, je vote ",5
"La France met en service la centrale Ã  gaz fossile de #Landivisiau. SupposÃ©e ""contribuer Ã  la transition"" (sic); elle va Ã©mettre du CO2 pendant des dÃ©cennies.
Elle fonctionnera notamment avec du gaz de schiste trÃ¨s polluant venu des USA.",5
"D'ailleurs, n'est-il pas le seul qui mettra en Å“uvre une planification Ã©cologique suffisamment stricte et une sociÃ©tÃ© franÃ§aise suffisamment sobre pour compenser ğŸ‘‡?
Bien entendu, avec l'aide de l'identitÃ© numÃ©rique, indispensable pour la taxe CO2.",5
"Est-ce que les Ã©colos et les dÃ©fenseurs du #climat se sont penchÃ©s sur la catastrophe Ã©cologique des masques ?
J'en ai dÃ©jÃ  parlÃ© mais c'est silence radio !! ",5
"La #Terre connait une nouvelle #extinction de masse. Elle ne sâ€™applique pas quâ€™Ã  la #biodiversitÃ©, il en va de mÃªme pour les #langues. Curieux de savoir si ces deux phÃ©nomÃ¨nes sont liÃ©s, des #chercheurs en #linguistique, #biologie et #Ã©cologie vous donne rdv pour en discuter.",5
"Avec Yannick #Jadot, pour un Ã©gal accÃ¨s de toutes et tous Ã  une #eau de qualitÃ© ! ",5
"Parce que lâ€™Ã©cologie est la rÃ©ponse au dÃ©fi du 21eme siÃ¨cle.
Parce qu'il faut un Ã©cologiste pour faire avancer l'Ã©cologie ",5
"Quand je me chauffais avec ma cheminÃ©e , jâ€™utilisais 5 stÃ¨res de bois : pas de problÃ¨me. Maintenant, un petit feu de branches dans mon jardin : interdit. #Ecologie",5
"selon #BarbaraPompili devenue pro #nucleaire, pro-pesticide, pro-chasse",5
Le programme ecolo de Macron pourrait faire tourner les Ã©oliennes tellement c'est du vent...,5
"Elle veut interdire tout nouveau projet sur terre et en mer, et mÃªme dÃ©manteler progressivement les parcs qui existent.",5
Il aussi veut les interdire pour prÃ©server les paysages,5
"Ã€ la place de l'Ã©olien, ils veulent tous les trois dÃ©velopper Ã  fond le nuclÃ©aire",5
"les ingÃ©nieurs franÃ§ais ne savent pas techniquement construire suffisamment de centrales pour les remplacer. Donc, Ã  moins de se remettre au charbon, il faut des Ã©nergies renouvelables et des Ã©oliennes.",5
"On a besoin encore un peu de nos rÃ©acteurs. En attendant, on dÃ©veloppe les Ã©nergies vertes, Ã©oliennes, solaires, hydrogÃ¨nes",5
" Et puis il y a les candidats qui veulent s'appuyer sur le nuclÃ©aire, construire des rÃ©acteurs, tout en dÃ©veloppant aussi les Ã©nergies renouvelables, donc faire un mix Ã©nergÃ©tique Ã  long terme.",5
"Les candidats sont Ã  peu prÃ¨s tous d'accord pour mettre plus de moyens pour rÃ©nover les logements, dÃ©velopper plus de transports en commun, aider les agriculteurs Ã  produire avec moins de pesticideâ€¦ Tout cela n'est pas trÃ¨s original",5
Jadot a proposÃ© d'interdire la chasse le week-end et pendant les vacances scolaires pour rendre la nature aux promeneurs,5
"la question de l'environnement: on le voit avec la guerre en Ukraine et ailleurs. la dÃ©charge faites dans le Nil, les grÃ¨ves avec les feux de pneus...les incendies de la savane , Etc. ",5
" On parle d'Ã©cologie alors qu'il y a le feu et que ce dernier peut trÃ©s bien nous tomber dessus Ã  cause d'individus qui comme jadis veulent rÃ©cupÃ©rer des pays, se moquant des droits des peuples ...L'Ã©cologie je la pratique par Ã©conomie afin de pouvoir manger Ã  ma faim..",5
 68% des FranÃ§ais disent quâ€™ils tiendront compte des propositions des candidats en matiÃ¨re de dÃ©fense de lâ€™environnement pour faire leur choix de vote en 2022,5
"Et la bonne nouvelle est que si le climat est totalement absent de la campagne prÃ©sidentielle â€“ 1,5% du temps mÃ©diatique pour la semaine du 28 fÃ©vrier â€“ il nâ€™est pas absent des programmes",5
"Il parait claire quâ€™un match sans commentateur devient vite ennuyeux. Dans le foot, le commentateur joue un rÃ´le important et on ne peut pas sâ€™en passer. trÃ¨s bonne article.",6
"Ils se nomment Roger Couderc, Thierry Gilardi, George Eddy, Patrick ChÃªne ou encore Thierry Roland et ils ont tous marquÃ© Ã  leur maniÃ¨re lâ€™histoire du sportâ€¦ ils sont tous commentateurs ! Le documentaire Parti Pris qui sera diffusÃ© dimanche sur C+ revient sur lâ€™histoire du commentaire ",6
Mbappe toujours incroyable le seul qui joue toujours pour le club,6
"Fallait jouer comme Ã§a contre Madrid !
Neymar en forme contre Lorient câ€™est la moindre des choses.",6
"Jâ€™espÃ¨re quâ€™on va revoir le psg bien tourner et dÃ©rouler 
Ã‡a fait plaisir Ã  voir",6
Des grands rÃ©sumÃ©s Ã  4h du mat câ€™est quoi le dÃ©lire,6
"Beau match pour Paris , Mbappe continue de nous impressioner et Messi marque enfin",6
Tinquiete C'est toujours intÃ©ressant ce que tu dis Romain,6
Kyllian sera MadrilÃ¨ne la saison prochaineâ€¦ Il y a des nouveaux Ã©lÃ©ments ğŸ¤”â€¦ Sous entendu ke Macron Sarko et lâ€™Ã©mir sont sur ses cotesâ€¦ Ã‡a sens pas bon. Il veut partir autrement tu lui envoie pas ce genre de personneâ€¦ Jâ€™aimerais y croire mais Malheureusement Kyllian sera MadrilÃ¨nes et nous supporters du PSG on va pleurer toute la saison prochaine,6
Peut Ãªtre qu'ils jouent un peut trop c'est pour cela que par moment Ã§a luciditÃ© n'est pas toujours au top cette question ils faut ce la posÃ©,6
Ce que jâ€™aime chez Charles Robin câ€™est quand il dÃ©finit lâ€™Ã©tymologie des mots ce qui rend la comprÃ©hension plus facile ! Bravo,6
"Un sujet classique mais toujours aussi intÃ©ressant dâ€™apprendre sur lâ€™art, merci.",6
"Les images, la musique de fond et lâ€™Ã©loquence de lâ€™auteur sont des aspects qui rend cette vidÃ©o exceptionnelle",6
"Merci de cette magnifique vidÃ©o qui en elle mÃªme relÃ¨ve d'une oeuvre d'art, et qui fait beaucoup de bien en cette Ã©poque si dissonante",6
"Â« La littÃ©rature, comme toute forme dâ€™art,
est lâ€™aveu que la vie ne suffit pas. Â»",6
"Ã€ Hambourg, jâ€™ai pu observÃ© en vrai la toile du voyageur contemplant la mer de nuages",6
"Comme a pu Ã©crire Schopenhauer Â« L'art reproduit les idÃ©es Ã©ternelles qu'il a conÃ§ues par le moyen de la contemplation pure, c'est-Ã -dire l'essentiel et le plus permanent de tous les phÃ©nomÃ¨nes du monde. Â». Sans donner une dÃ©finition mÃªme de lâ€™art, Ã§a illustre au moins une de ses fonctions.",6
"Donc, si je comprend bien, cette vidÃ©o est tout un art. L'art d'enseignement. J'adore ta maniÃ¨re d'expliquer",6
Tellement plus agrÃ©able et constructif que d'autres vidÃ©os fr Ã©centes sur le sujet... Merci Charles.,6
"beaucoup d'Ã©motions dans cette vidÃ©o.
Merci pour se moment.",6
"En tant que rÃ©cent propriÃ©taire, je comprends tellement la joie de tout dÃ©corer et dâ€™acheter des produits pour se sentir bien chez soi",6
Coucou Ã§a fait des annÃ©es que j'utilise des flacons pour le produit vaisselle car je ne supportais pas le vilain flacon dans la jolie  cuisine que j'avais tellement investi Ã  dÃ©corer ! Idem pour ranger l'Ã©ponge ğŸ˜ j'ajoute que je fais pareil avec le gel hydroalcoolique dans mon entrÃ©e,6
"merci beaucoup Ã  toute lâ€™Ã©quipe pour votre travail ! nâ€™oubliez pas de vous reposez aussi, de temps en temps. tâ€™as lâ€™air fatiguÃ© mon frÃ©rot",6
"Ce serait peut Ãªtre plus intÃ©ressant de sensibiliser tes abonnÃ©s aux violations faites par TOUS les pays, il nâ€™y a pas de mÃ©chant ni de gentil dans cette histoire, seulement des conflits dâ€™intÃ©rÃªts qui durent depuis des dÃ©cennies,",6
Merci pour la vidÃ©o qui rÃ©sume aussi objectivement que possible ! Je ne peux m'empÃªcher de rÃ©agir sur Hugo assis dans son canapÃ© qui nous explique la situation en face camÃ©ra... Il manque plus que le chat et on a un super vilain ğŸ¤£ğŸ¤£ pardon impossible de m'enlever cette image de la tÃªte.,6
"Visualisons, Prions, MÃ©ditons pour le retour de la paix et la tranquillitÃ© des civils qui n' ont rien demandÃ©, que chaqun puisse manger et boire Ã  sa faim et Ã  sa soif
",6
"C'est bien, mais pas trÃ¨s dialectique. Les accords de Minsk, n'ont Ã©tÃ© respectÃ© par aucune des parties.",6
"Avant toute chose, je prÃ©cise que je ne supporte absolument par la Russie et que je suis contre la guerre.",6
" Petite erreur, tu dis souvent qu'une partie de la population parle russe. C'est pas une partie, c'est 100%. Tous les ukrainiens parlent russe, et dans les restau, commerces etc, la langue parlÃ©e par dÃ©faut n'est pas l'ukrainien.
Peut Ãªtre que les 30 ou 70% dont tu parles concernent la langue native et/ou officielle.",6
"Vous occultez cependant le fait que les accords de Minsk n'ont jamais Ã©tÃ© respectÃ©s par l'Ukraine
",6
"Concernant l'information Ã  propos du mur, certains pays europÃ©ens le demandent, mais d'autres (dont la France) refusent.
Zemmour voudrait donc faire pencher la dÃ©cision vers la construction du mur.
Ce n'est donc pas vraiment une idÃ©e de Zemmour",6
"Pour rappel Donald Trump n'a pas ""commencÃ© Ã  fabriquer le mur entre les USA et le Mexique"". Ã‡a a dÃ©butÃ© avec Bush le pÃ¨re puis tous les prÃ©sidents qui ont suivi ont continuÃ© la construction. Et aussi Trump est le prÃ©sident qui a le moins ""investi"" dans ce projet, c'est durant son mandat qu'il y a eu le moins de mÃ¨tre qui a Ã©tÃ© construite",6
" Dans le contexte actuel, chacun de tes mots compte et certaines de tes informations sont assez trompeuses. Ã‡a reste mon avis mais je trouve que ton souhait dâ€™Ãªtre le plus impartial possible sâ€™avÃ¨re de plus en plus compromis.",6
"Câ€™est toujours pareille de toute faÃ§on, il faut toujours mÃ©diatisÃ© les choses pour que les marques concernÃ©es agissentâ€¦",6
tu pourrais parler du PTEF du Shift Project prÃ©sentÃ© a Science po derniÃ¨rement. Je pense que c'est trÃ¨s intÃ©ressant dans ce contexte d'Ã©lections prÃ©sidentielles !,6
"Super vidÃ©os comme d'habitude, mais je pense que certaines news auraient plus eu leur place ici qu'un docu netflix ou un lapsus d'une Ã©lue que peu de franÃ§ais(e)s connaissent... Ce n'est que mon avis bien sÃ»r...",6
"on en revient toujours au meme ""l'anonymat sur internet"" malheureusement y'a un moment faudra en venir Ã  obliger les gens a s'authentifier rÃ©ellement pour Ã©viter toutes ses arnaques en masse",6
"Pour pouvoir rÃ©pondre au dÃ©bat, je trouve qu'il manque des informations personnellement. :) ğŸ¤” Pourquoi le gouvernement fait-il construire ces centrales ? Quelle est la situation de production et de consommation de l'Ã©lectricitÃ© actuellement en France et au niveau mondial ? En fonction de Ã§a, est-ce qu'il y a eu d'autres propositions pour pallier ce problÃ¨me ?",6
"Depuis quelques temps cette chaÃ®ne devient trÃ¨s orientÃ©e politiquement, surtout en ce moment cela me paraÃ®t dangereux pour la dÃ©mocratie.
Les erreurs peuvent Ãªtre involontaire, mais sachant que certaines personnes n'iront pas vÃ©rifier tes informations, il faut qu'elles soient exactes. Des clarification pourraient Ãªtre apportÃ©s dans une prochaine vidÃ©o et je pense que tu devrais vÃ©rifier tes informations plus souvent.",6
"c'est pas l'application le probleme, mais les personnes mal intentionnÃ©es et le fait qu'il existe beaucoup d'autres qui veulent voir des reves plutot que la realitÃ©",6
"Attention Ã  bien penser , du moment que vous faites diversion le progressisme sera tolÃ¨rent.",6
J'ai fait ma thÃ¨se sur les mÃ©canismes d'appariement dans les supras non-conventionnels,6
"Comment se passe le phÃ©nomÃ¨ne de ""verrouillage"", en effet il y a rÃ©pulsion mais pas seulement, l'aimant reste Ã  une certaine distance du supra conducteur (et inversement). On le voit bien dans cette vidÃ©o ",6
j'ai Ã©tÃ© tenu en haleine jusqu'Ã  5h40. Vous mÃ©riteriez bien aussi un prix pour tout ce que vous apportez Ã  la culture et au monde !,6
Presque envie de me replonger dans mes cours dâ€™Ã©lectromagnÃ©tismes tellement câ€™est passionnant,6
" Petite question, existe-t-il des matÃ©riaux supra-magnÃ©tique ? Si oui quelles sont leurs propriÃ©tÃ©s ?",6
"Par contre je suis Ã©tonnÃ© que l'on ne parle pas dans le cas de l'aimant du courant induit crÃ©Ã© par le champ magnÃ©tique de l'aimant dans le supraconducteur. Pour ma part, mais je ne suis pas un physicien, je garde juste quelques souvenirs de mes cours d'Ã©lectronique, j'imaginais plus une sorte de champ magnÃ©tique crÃ©Ã© par le supraconducteur en rÃ©ponse au courant induit par l'aimant. Qu'en pense tu ?",6
"Wow, je suis allergique Ã  l'astrophysique en principe, mais lÃ  t'as rÃ©ussi Ã  m'intÃ©resser et Ã  me faire comprendre :o",6
"Ã§a me fait entendre d'une autre maniÃ¨re ce que j'ai lu dans le livre paru en librairie sur la matiÃ¨re noire. D'ailleurs votre dÃ©monstration a le mÃªme plan. C'est bien d'entendre aprÃ¨s avoir lu, Ã§a permet de mieux faire rentrer les concepts. Continuez !",6
"Je suis Ã©tonnÃ© par lâ€™Ã©tendue des connaissances de David mais aussi surtout par sa capacitÃ© Ã  bien vulgariser des sujets complexes et variÃ©s en un laps de temps trÃ¨s court. Il donne exactement lâ€™information quâ€™il faut et avec les bons mots, sans plus ni moins.  Bref David combine la clartÃ© de Feynman avec la concision de Landau & Lifshitz ^^. 

Lâ€™EN doit reconnaitre ScienceEtonnante comme une chaine dâ€™utilitÃ© publique et en faire la promo Ã  toutes les Terminales scientifiques et math sups :)",6
"Ce qui est marrant, c'est que je suis en L2 de physique appliquÃ©e, et j'ai dÃ©jÃ  vu beaucoup de choses dont tu parles, ca me fait des complÃ©ment de cours, et en plus de Ã§a c'est tres interessant et bien expliquÃ©. Je te remercie et je t'encourage a continuer, et tes episodes axÃ©s sur l'astrophysique sont vraiment tres interessant.",6
"Moi, mon astrologue m'a dit que mon Jupiter Ã©tant dans la balance, le chiffre ""13"" me portait bonheur.
J'ai donc misÃ© 13 fois 13 euros sur la treiziÃ¨me course de chevaux, sur le numÃ©ro treize.
Tout a bien marchÃ© : il est arrivÃ© treiziÃ¨me !",6
"TrÃ¨s bonne vidÃ©o ! Ca aurait Ã©tÃ© intÃ©ressant de parler de l'expÃ©rience de Bertram Forer, une expÃ©rience dans laquelle des individus ont chacun effectuÃ© un test de personnalitÃ©, mais ont tous reÃ§u le mÃªme horoscope. Chacun s'y est parfaitement reconnu. Pour ceux que Ã§a intÃ©resse, je vous conseille de lire la page Wikipedia de ""l'effet Barnum"", qui est le fondement de l'astrologie/horoscope.",6
"Y'a bien des gens qui croient encore Ã  la politique, alors l'astrologie pourquoi pas :D",6
"Je ne sais plus oÃ¹ je l'avais vu.
Mais une Ã©tude un peu moins tranchÃ© avait conclut que l'ensoleillement d'une personne dans les premiers moi de sa vie pouvait influer sur le caractÃ¨re d'une personne de maniÃ¨re significative mais pas catÃ©gorique.
Et que selon ce critÃ¨re la division du zodiaque n'est pas si absurde.
Par contre son interprÃ©tation oui...",6
Comment voulez vous qu'un astrologue sache quelle thÃ¨me astral corespond a quelle fiche de personalitÃ© alors qu'elle n'ont pas Ã©taient Ã©crites par eux mÃªmes ? Comment voulez vous qu'ils s'adaptent au points de vue de l'observateur qui a ecrit les themes et les fiches corespondantes ?,6
"les principes thÃ©oriques de l'astrologie ne sont absolument pas basÃ©s sur ""l'influence de rÃ©alitÃ©s physiques"",",6
"Oui mais il y a le plaisir du jeu et du mystÃ¨re qui attire les adultes qui demeurent de grands enfants, que l'on retrouve Ã©galement dans le goÃ»t pour les Ã©lucubrations des voyants et des mÃ©diums !",6
"""Pour savoir si elle marche, il faut savoir comment elle marche.""
Mauvaise formulation, le ""comment"" implique qu'elle marche. Il faudrait plutÃ´t dire ""intÃ©resserons-nous Ã  son supposÃ© fonctionnement"" ou ""il faudrait savoir comment elle marcherait"".",6
Analyse purement objective dans laquelle vous ne prÃªtez aucun respect aux gens qui y croient et qui lâ€™Ã©tudient. Câ€™est Ã©videmment plus simple de cracher sur une croyance que dâ€™essayer de la comprendre.,6
"Si insta et Facebook ferment en Europe, ce serais une formidable occasion pour lancer de nouveaux rÃ©seaux sociaux made in EU",6
"Si Facebook et Instagram fermaient, ils seraient vite remplacÃ© et sans doute par quelque chose de mieux, au moins sur certains point",6
"Concernant l'affaire META, je sais pas pourquoi mais je sent que ce fameux expert ne va rien trouver de rÃ©prÃ©hensible... On a aucune garantie qu'il soit intÃ¨gre.
Ca va encore se rÃ©gler Ã  coups de dollars cette affaire...",6
Zukerberg perdrait trop Ã  fermer Instagram et Facebook en Europe. Selon moi ce n'est pas une menace mais un coup de bluff,6
"Câ€™est dommage que Twitter ne soit pas menacÃ© de fermeture, vu la poubelle que câ€™est devenue x)",6
J' ai vÃ©cu aussi sans Facebook ainsi qu' Instagram. D'autres applications attendent avec patience pour les changer et prendre tout ses abonnÃ©es une fois qu' ils ferment; Ils ne sont mÃªme pas conscients...,6
"Il nâ€™ont cas fermer câ€™est pas une grande pertes, les gens seront moin dÃ©bile et moin fake avec Facebook",6
FB et Google ... toujours au milieu de scandales de data. Je suis bien content d'avoir un semblant de dÃ©pendance et de protection de mes donnÃ©es en regardant cette video avec newpipe et iodÃ© !,6
"Pour une fois un titre avec une info ""choc"" qui ne joue pas Ã  fond la carte de l'ambiguÃ¯tÃ©, Ã§a c'est cool

(je fais essentiellement rÃ©fÃ©rence au prÃ©cÃ©dent titre ""Tabac bientÃ´t interdit ?"")",6
"Â« selon les Ã‰tats Unis Â» on connaÃ®t tous les mensonges des USA mais Bonne video comme d hab c est toujours bien d avoir un journaliste de notre Ã¢ge ( ou mÃ©dia, ta compris ) qui nous informe sur tous",6
"Magnifique Ã©popÃ©e, une belle histoire, touchante avec des acteurs qui interprÃ¨tent trÃ¨s bien leur rÃ´le play",6
Un dessin animÃ© qui brille par sa fÃ©erie et ses chansons.,6
"La Vie de David Gale est vraiment un excellent film , maitrisÃ© et redoutablement efficace ",6
"Film rare. Les acteurs sont formidables, ils jouent juste, surtout les acteurs principaux.",6
Eli Roth est un rÃ©alisateur intÃ©ressant et redoutable d'efficacitÃ©.,6
"Starship Troopers continue sa descente aux enfers, ce troisiÃ¨me Ã©pisode nous livre une histoire",6
"Le dernier Marvel exploite la franchise Spider-Man avec lourdeur : scÃ©nario inconsistant,",6
Mon dieu ils n'ont pu s'empÃªcher de venir souiller notre capitale (et ont eu le culot de mal placer,6
"Heureusement qu'il y a la mer, le ciel bleu et de jolies photos...",6
"En tant que ""stand alone"", ce film aurait pu pÃ©niblement dÃ©crocher 2 Ã©toiles.",6
Ma grosse claque du moment. Je n'imaginais pas que ce film me passionnerait Ã  ce point.,6
Un scÃ©nario bÃ©ton...avec pleins de rebondissements...un film Ã  voir absolument,6
"Je suis cancer et je suis trÃ¨s Ã©motive,trÃ¨s franche mais Ã©goÃ¯ste/manipulatrice alors lÃ  pas du tout! On est gÃ©nÃ©reux et on pourrais tout donner quitte Ã  nous oublier. Voilaaa sinon super vidÃ©o !",6
Je nâ€™aurais jamais pensÃ© trouver les mots â€œcancerâ€ et Ã©goÃ¯steâ€ dans la mÃªme phrase. Je suis cancer et je fais passer les autres avant ma propre personne.,6
"En tant que Capricorne j'ai tous ces ""dÃ©fauts"" qui sont pas vraiment des dÃ©fauts. Il faut juste apprendre Ã  nous connaÃ®tre avant de nous juger",6
"Je suis poisson ascendant poisson, signe lunaire balance, et tu as tout dit MDR ! Par contre, on est pas hypocrite volontairement, comme tu le dis, on a juste trop peur de blesser du coup on ose pas on sait pas quoi dire c'est terrible aprÃ¨s on regrette et tout ğŸ˜­ğŸ˜­ğŸ˜­ğŸ˜­",6
"En tant que Verseau je me reconnaÃ®t assez dans cette description. 
Pour ma part, je pense qu'il est assez difficile pour un Verseau de montrer ses sentiments Ã  quelqu'un mÃªme si on apprÃ©cie cette personne. Pour moi c'est juste ultra difficile. Beaucoup de Verseau ont aussi tendance Ã  ne pas montrer leurs sentiments. Par exemple ils vont demanderont tj comment Ã§a va trÃ¨s sincÃ¨rement, mais si vous leur demandez ils vont diront oui, mÃªme si c'est totalement faux. 
Je pense que c'est ce manque d'engagement Ã©motionnel qui peut faire croire Ã  la personne qu'on veut qu'elle s'Ã©loigne, mais ce n'est pas le cas. 
Personnellement, je ne suis pas individualiste et je suis trÃ¨s sociable avec mes amis proches, mais bcp plus fermÃ©e avec les autres.",6
"J'ai trop aimÃ© cette vidÃ©o merci pour tout, j'espÃ¨re que tout va bien pour toi et que tu t'accroches aux bonnes branches",6
Merci dâ€™avoir aussi bien identifiÃ© les bÃ©liers ! Marre dâ€™entendre quâ€™on est juste colÃ©rique et irrÃ©flÃ©chie alors que câ€™est faux. Merci tâ€™es au top,6
"Que de bons souvenirs dans cette Ã©cole, les professeurs Ã©taient vraiment investis pour les Ã©lÃ¨ves (CAP PÃ¢tissier 2015-2017)",6
"vous avez prÃ©sentÃ©  une recette authentiquement marocaine en Ã©tant  tunisienne ,et Ã§a  m'a  choquÃ©, un chef de votre calibre qui ne sait pas l origine de la recette qu qu'il prÃ©sente",6
Merci Ã  vous et vive notre vÃ©ritable cuisine franÃ§aise !!!! â¤ï¸- Thank you to you and long live our real French cuisine !!!!â¤ï¸,6
Jaime la cuisine europÃ©enne. Je souhaite apprendre auprÃ¨s de vous . merci,6
Le chef sert la main mais beaucoup semblent surpris c est juste pour les camÃ©ras Ã§a se voit,6
"MalgrÃ© la renommÃ©e de cet Ã©tablissement, le chef Frechon mâ€™a enlevÃ© lâ€™envie dâ€™y aller...",6
"Personnellement issu et toujours Ã  l'heure actuelle dans le serail de la restauration, j'ai connu et vÃ©cu ce que la jeune a vÃ©cu, en Ã©ffet le management n'Ã©xiste pas dans les Ã©coles de cuisine, ou trop peu!
Alors Bravo Ã  Mr. GuÃ©rrin (DÃ©solÃ© si j'Ã©corche l'orthographe du nom), il a tout compris cotÃ© management! Longue vie Ã  son Ã©tablissement et son Ã©quipe!",6
Ã‡a fait plaisir de voir AmÃ©lie retrouver son sourire dans le nouveau restaurant qui lui ouvre les bras grÃ¢ce Ã  son nouveau  CHEF qui est SUPER .,6
"Une cuisine soit disant Ã©toilÃ©e, une cuisine soit disant parfaite, une cuisine soit disant raffinÃ©e. Mais malheureusement, on cuisine pas avec amour, on cuisine sous pression, peur et stress sous les ordres d'un autoritaire et pas un leader !!!",6
"Rien que quand je vois Ã§a, je suis heureux pour les salariÃ©s que les restaurants soient fermÃ©s... maltraitance, humiliation, stress, pas de Ã§a en cuisine.",6
J'adore les plus belles chansons franÃ§aises,6
J'aime bien  Ã©couter ces magnifiques chansons  qui ont bercÃ© ma jeunesse,6
"Quand j'entends ces chansons pleines de tendresse et de chaleur, pendant ces moments d'Ã©coute, j'ai l'impression de reprendre mes 20 ans.",6
"Ces chansons sont trÃ¨s, trÃ¨s agrÃ©ables, elles calment l'Ã¢me et l'esprit, en plus de nous faire voyager dans un endroit loin de notre rÃ©alitÃ© ğŸ˜ â™¥ ï¸",6
merci macron,6
bravo marine,6
fÃ©licitations,6
bon courage,6
Nous somme avec vous,6
votons ce candidat,6
vive notre future prÃ©sidente,6
